{"pixel_scale": 0.029999999329447746, "var": 6.982700142543763e-06}